﻿<parameters>
  <parameter name="IIS Web Application Name" defaultValue="Default Web Site/Microsoft.Dynamics.Archival.ArchiveApp_deploy" tags="IisApp">
    <parameterEntry kind="ProviderPath" scope="IisApp" match="^C:\\CosmicRepo\\ArchivalSetup\\MicrosoftDART_1012Merge\\MicrosoftDART_1012Merge\\Microsoft\.Dynamics\.Archival\.ArchiveApp\\obj\\Release\\Package\\PackageTmp$" />
    <parameterEntry kind="ProviderPath" scope="setAcl" match="^C:\\CosmicRepo\\ArchivalSetup\\MicrosoftDART_1012Merge\\MicrosoftDART_1012Merge\\Microsoft\.Dynamics\.Archival\.ArchiveApp\\obj\\Release\\Package\\PackageTmp$" />
  </parameter>
  <parameter name="Add write permission to App_Data Folder" description="Add write permission to App_Data folder" defaultValue="{IIS Web Application Name}/App_Data" tags="Hidden">
    <parameterEntry kind="ProviderPath" scope="setAcl" match="^C:\\CosmicRepo\\ArchivalSetup\\MicrosoftDART_1012Merge\\MicrosoftDART_1012Merge\\Microsoft\.Dynamics\.Archival\.ArchiveApp\\obj\\Release\\Package\\PackageTmp\\App_Data$" />
  </parameter>
  <parameter name="DefaultConnection-Web.config Connection String" defaultValue="Data Source=(LocalDb)\MSSQLLocalDB;AttachDbFilename=|DataDirectory|\aspnet-Microsoft.Dynamics.Archival.ArchiveApp-20171018033100.mdf;Initial Catalog=aspnet-Microsoft.Dynamics.Archival.ArchiveApp-20171018033100;Integrated Security=True">
    <parameterEntry kind="XmlFile" scope="C:\\CosmicRepo\\ArchivalSetup\\MicrosoftDART_1012Merge\\MicrosoftDART_1012Merge\\Microsoft\.Dynamics\.Archival\.ArchiveApp\\obj\\Release\\Package\\PackageTmp\\Web\.config$" match="/configuration/connectionStrings/add[@name='DefaultConnection']/@connectionString" />
  </parameter>
</parameters>